name,author,category,rank,read,link
The New Media Reader,Noah Wardrip-Fruin,programming,5,,http://www.amazon.com/New-Media-Reader-Noah-Wardrip-Fruin/dp/0262232278/?tag=fogus-20
The Soul of a New Machine,Tracy Kidder,programming,3,,http://www.amazon.com/Soul-New-Machine-Tracy-Kidder/dp/0316491977/?tag=fogus-20
"Bootstrapping: Douglas Engelbart, Coevolution, and the Origins of Personal Computing",Thierry Bardini,programming,3,,http://www.amazon.com/Bootstrapping-Engelbart-Coevolution-Personal-Computing/dp/0804738718/?tag=fogus-20
Masters of Doom,David Kushner,programming,2,,http://www.amazon.com/Masters-Doom-Created-Transformed-Culture/dp/0812972155/?tag=fogus-20
Steve Jobs & the Next Big Thing,Randall Stross,programming,3,,http://www.amazon.com/Steve-Jobs-Next-Big-Thing/dp/0689121350/?tag=fogus-20
Revolution in the Valley,Andy Hertzfeld,programming,3,,http://www.amazon.com/Revolution-Valley-Insanely-Great-Story/dp/1449316247/?tag=fogus-20
iWoz,Steve Wozniak,programming,3,,http://www.amazon.com/iWoz-Computer-Invented-Personal-Co-Founded/dp/0393330435/?tag=fogus-20
Engines of Creation,Eric Drexler,programming,3,,http://www.amazon.com/Engines-Creation-Nanotechnology-Library-Science/dp/0385199732/?tag=fogus-20
Who Owns the Future,Jaron Lanier,programming,4,,http://www.amazon.com/Who-Owns-Future-Jaron-Lanier/dp/1451654979/?tag=fogus-20
Hackers and Painters,Paul Graham,programming,4,,http://www.amazon.com/Hackers-Painters-Big-Ideas-Computer/dp/1449389554/?tag=fogus-20
Points of View: A tribute to Alan Kay,misc,programming,5,,http://vpri.org/pov/
Smalltalk-80: The Language and its Implementation,Adele Goldberg,technical,4,,http://www.amazon.com/Smalltalk-80-Language-Implementation-Adele-Goldberg/dp/0201113716/?tag=fogus-20
Thinking Forth,Leo Brodie,technical,4,,http://www.amazon.com/Thinking-Forth-Leo-Brodie/dp/0976458705/?tag=fogus-20
"Concepts, Techniques, and Models of Computer Programming",Peter Van Roy,technical,4,,http://www.amazon.com/Concepts-Techniques-Models-Computer-Programming/dp/0262220695/?tag-fogus-20
SICP,Abelson & Sussman,technical,5,,http://www.amazon.com/Structure-Interpretation-Computer-Programs-Engineering/dp/0262510871/?tag=fogus-20
Programming Pearls,Jon Bentley,technical,5,,http://www.amazon.com/Programming-Pearls-2nd-Jon-Bentley/dp/0201657880/ref=sr_1_1?ie=UTF8&qid=1436326275&sr=8-1&keywords=Programming+Pearls+1+%26+2
Concrete Mathematics: A Foundation for Computer Science,Ronald Graham,technical,3,,http://www.amazon.com/Concrete-Mathematics-Foundation-Computer-Science/dp/0201558025/ref=sr_1_1?ie=UTF8&qid=1436326283&sr=8-1&keywords=Concrete+Mathematics%3A+A+Foundation+for+Computer+Science
Elements of Programming,Alexander Stepanov,technical,4,,http://www.amazon.com/Elements-Programming-Alexander-Stepanov/dp/032163537X/ref=sr_1_2?ie=UTF8&qid=1436326323&sr=8-2&keywords=%22elements+of+programming%22
Island,Aldous Huxley,science-fiction,4,,http://www.amazon.com/Elements-Programming-Alexander-Stepanov/dp/032163537X/ref=sr_1_2?ie=UTF8&qid=1436326323&sr=8-2&keywords=%22elements+of+programming%22
Native Tongue,Suzette Haden Elgin,science-fiction,3,,http://www.amazon.com/Native-Tongue-Trilogy/dp/1558612467/?tag=fogus-20
The Foundation Trilogy,Isaac Asimov,science-fiction,3,,http://www.amazon.com/Foundation-Trilogy-Isaac-Asimov/dp/0307292061/?tag=fogus-20
Perdido Street Station,China Mieville,science-fiction,5,,http://www.amazon.com/Perdido-Street-Station-China-Mi%C3%A9ville/dp/0345443020/?tag=fogus-20
The Moon is a Harsh Mistress,Robert Heinlein,science-fiction,3,,http://www.amazon.com/Moon-Harsh-Mistress-Robert-Heinlein/dp/0312863551/?tag=fogus-20
The Glass Bead Game,Hermann Hesse,science-fiction,3,,http://www.amazon.com/Glass-Bead-Game-Magister-Novel/dp/0312278497/ref=sr_1_1?ie=UTF8&qid=1436326336&sr=8-1&keywords=%22the+Glass+Bead+game%22
The Art of Expressing the Human Body,Bruce Lee,self-improvement,5,,http://www.amazon.com/gp/product/0804831297?colid=27V2RY5GGOKP4&coliid=I1URV6RJ2WN2UB&ref_=wl_it_dp_o_pd_nS_ttl
Tao of Jeet Kune Do,Bruce Lee,self-improvement,5,,http://www.amazon.com/gp/product/0897502027?colid=27V2RY5GGOKP4&coliid=I2D9RK002R6C6Q&ref_=wl_it_dp_o_pC_nS_ttl
Taoism: Way Beyond Seeking,Alan Watts,self-improvement,4,,http://www.amazon.com/gp/product/0804832641?colid=27V2RY5GGOKP4&coliid=IO1HR3OEK9RGI&ref_=wl_it_dp_o_pC_nS_ttl
Zen in English Literature and Oriental Classics,R.H. Blyth,literature,4,,http://www.amazon.com/gp/product/0893462071?colid=27V2RY5GGOKP4&coliid=I10RJ5C7EUQHHP&ref_=wl_it_dp_o_pC_nS_ttl
Lisp in small pieces,Christian Queinnec,technical,2,,http://www.amazon.com/gp/product/0521562473?colid=JMUX9WUONOT7&coliid=IS7EDCBYZWUC7&ref_=wl_it_dp_o_pC_nS_ttl
The Art of UNIX Programming,ESR,technical,4,,http://www.amazon.com/gp/product/0131429019?colid=JMUX9WUONOT7&coliid=I3E0IJHB2UIUYK&ref_=wl_it_dp_o_pC_S_ttl
Code,Charles Petzold,technical,2,,http://www.amazon.com/gp/product/0735611319?colid=JMUX9WUONOT7&coliid=IT88E8JJ3D82B&ref_=wl_it_dp_o_pC_nS_ttl
The Pragmatic Programmer: From Journeyman to Master,Andrew Hunt,technical,3,,http://www.amazon.com/gp/product/020161622X?colid=JMUX9WUONOT7&coliid=IDYK12RWJOZ3F&ref_=wl_it_dp_o_pC_nS_ttl
An Introduction to FP through Lambda Calculus,Greg Michaelson,technical,2,,http://www.amazon.com/gp/product/0486478831?colid=JMUX9WUONOT7&coliid=I3LJKQ4TYNY0CB&ref_=wl_it_dp_o_pC_nS_ttl
Understanding Computation,Tom Stuart,programming,3,,http://www.amazon.com/gp/product/1449329276?colid=JMUX9WUONOT7&coliid=IXMXEYIK6IV2B&ref_=wl_it_dp_o_pC_nS_ttl
Clean Code,Robert Martin,programming,4,,http://www.amazon.com/gp/product/0132350882?colid=JMUX9WUONOT7&coliid=IHF9CY7K3U410&ref_=wl_it_dp_o_pC_nS_ttl
Introduction to Algorithms,Thomas Cormen,technical,3,,http://www.amazon.com/gp/product/0262033844?colid=JMUX9WUONOT7&coliid=I1DXDKRULBIFM0&ref_=wl_it_dp_o_pC_nS_ttl
"Godel, Escher, Bach: An Eternal Golden Braid",Douglas Hofstadter,programming,4,,http://www.amazon.com/G%C3%B6del-Escher-Bach-Eternal-Golden/dp/0465026567/ref=sr_1_1?ie=UTF8&qid=1436326352&sr=8-1&keywords=%22G%C3%B6del%2C+Escher%2C+Bach%22
Purely Functional Data Structures,Chris Okasaki,technical,2,,http://www.amazon.com/Purely-Functional-Structures-Chris-Okasaki/dp/0521663504/ref=sr_1_1?ie=UTF8&qid=1436326245&sr=8-1&keywords=purely+functional+data+structures
Quantitative Geography,A Stewart Fotheringam,technical,3,,http://www.amazon.com/gp/product/0761959483?colid=JMUX9WUONOT7&coliid=I1A25FHVRE8KY&ref_=wl_it_dp_o_pC_S_ttl
Code Complete 2,Steve McConnell,programming,3,,http://www.amazon.com/gp/product/0735619670?colid=JMUX9WUONOT7&coliid=IMBYWT3UWWK25&ref_=wl_it_dp_o_pC_nS_ttl
The Practice of Programming,Brian Kernighan,programming,3,,http://www.amazon.com/gp/product/020161586X?colid=JMUX9WUONOT7&coliid=I3BIZAPF1IC925&ref_=wl_it_dp_o_pC_S_ttl
Branching Streams Flow in the Darkness,Shunryu Suzuki,self-improvement,5,,http://www.amazon.com/gp/product/0520232127?colid=27V2RY5GGOKP4&coliid=I39KS7MCRSI7XJ&ref_=wl_it_dp_o_pC_S_ttl
Zero Yen Houses,Kyohei Sakaguchi,architecture,5,,http://www.amazon.com/gp/product/4898151175?colid=27V2RY5GGOKP4&coliid=I3E3J3QQSXPDXM&ref_=wl_it_dp_o_pC_nS_ttl
Mindfulness in Plain English,Bhante Henepola Gunaratana,self-improvement,3,,http://www.amazon.com/gp/product/0861719069?colid=27V2RY5GGOKP4&coliid=I1BVF4S2J7LMUS&ref_=wl_it_dp_o_pd_nS_ttl
Where the Heart Beats,Kay Larson,self-improvement,5,,http://www.amazon.com/gp/product/1594203407?colid=27V2RY5GGOKP4&coliid=I38NSBQMVB99NW&ref_=wl_it_dp_o_pC_nS_ttl
Essays in Zen Buddhism,D.T. Suzuki,self-improvement,3,,http://www.amazon.com/gp/product/0802151183?colid=27V2RY5GGOKP4&coliid=I1EVBIVR2FQFD0&ref_=wl_it_dp_o_pC_S_ttl
Tao Te Ching,Lao Tsu,self-improvement,3,,http://www.amazon.com/gp/product/0307949303?colid=27V2RY5GGOKP4&coliid=I1KUOS31Q5YPYZ&ref_=wl_it_dp_o_pC_nS_ttl
The Tibetan Book of the Dead,Graham Coleman,self-improvement,3,,http://www.amazon.com/gp/product/0143104942?colid=27V2RY5GGOKP4&coliid=I2E0XL7J4WBQLJ&ref_=wl_it_dp_o_pC_nS_ttl
The Miracle of Mindfulness,Thich Nhat Hanh,self-improvement,4,,http://www.amazon.com/gp/product/0807012394?colid=27V2RY5GGOKP4&coliid=I19LRV6KLO24I1&ref_=wl_it_dp_o_pd_nS_ttl
"Living Buddha, Living Christ",Thich Nhat Hanh,self-improvement,4,,http://www.amazon.com/gp/product/159448239X?colid=27V2RY5GGOKP4&coliid=I1SQ6POQSXCZJH&ref_=wl_it_dp_o_pC_nS_ttl
Contemplative Prayer,Thomas Merton,self-improvement,3,,http://www.amazon.com/gp/product/0385092199?colid=27V2RY5GGOKP4&coliid=I16MIDPWDOJJWM&ref_=wl_it_dp_o_pC_nS_ttl
Two Cheers for Anarchism,James Scott,politics,3,,http://www.amazon.com/gp/product/0691155291?colid=2NMROGHWBIVYT&coliid=I3VKWIJ75RYLG0&ref_=wl_it_dp_o_pC_S_ttl
Seeing like a State,James Scott,politics,4,,http://www.amazon.com/gp/product/0300078153?colid=2NMROGHWBIVYT&coliid=I2OM8DDK404L1B&ref_=wl_it_dp_o_pC_nS_ttl
The Art of Not Being Governed,James Scott,politics,5,,http://www.amazon.com/gp/product/0300152280?colid=2NMROGHWBIVYT&coliid=IVTRIEO1RWSCF&ref_=wl_it_dp_o_pC_nS_ttl
Sepp Holzer's Permaculture,Sepp Holzer,architecture,3,,http://www.amazon.com/gp/product/160358370X?colid=2NMROGHWBIVYT&coliid=I607VMS6M6DFH&ref_=wl_it_dp_o_pd_nS_ttl
Sowing Seeds in the Desert,Masanobu Fukuoka,architecture,5,,http://www.amazon.com/gp/product/1603584188?colid=2NMROGHWBIVYT&coliid=I33GCIZ2IPO355&ref_=wl_it_dp_o_pC_nS_ttl
Whole Earth Discipline,Stewart Brand,,5,,http://www.amazon.com/gp/product/0670021210?colid=2NMROGHWBIVYT&coliid=I41A15XP0JPR1&ref_=wl_it_dp_o_pC_nS_ttl
The One-Straw Revolution,Masanobu Fukuoka,architecture,3,,http://www.amazon.com/gp/product/1590173139?colid=2NMROGHWBIVYT&coliid=I1LJ90U36FY1DF&ref_=wl_it_dp_o_pC_nS_ttl
Natural Way of Farming,Masanobu Fukuoka,architecture,3,,http://www.amazon.com/gp/product/8185987009?colid=2NMROGHWBIVYT&coliid=I2J51ZC5I3NXIT&ref_=wl_it_dp_o_pC_nS_ttl
The Road Back to Nature,Masanobu Fukuoka,architecture,3,,http://www.amazon.com/gp/product/0870406736?colid=2NMROGHWBIVYT&coliid=I1M9FMAESAOE3J&ref_=wl_it_dp_o_pC_nS_ttl
Forest Gardening,Robert Hart,architecture,2,,http://www.amazon.com/gp/product/0930031849?colid=2NMROGHWBIVYT&coliid=I2YRULV06SD924&ref_=wl_it_dp_o_pC_nS_ttl
"Money, Bank Credit, and Economic Cycles",Jesus Huerta de Soto,finance,4,,http://www.amazon.com/gp/product/1933550392?colid=37GZ0Q8AZVOZ8&coliid=I15LDVZZI7HE95&ref_=wl_it_dp_o_pC_nS_ttl
Anatomy of the Bear: Lessons from Wall Street's Four Great Bottoms,Russell Napier,finance,4,,http://www.amazon.com/gp/product/1905641575?colid=37GZ0Q8AZVOZ8&coliid=I1EYUSPM3KOCC9&ref_=wl_it_dp_o_pC_nS_ttl
The Rise and Decline of Nations,Mancur Olson,politics,3,,http://www.amazon.com/gp/product/0300030797?colid=37GZ0Q8AZVOZ8&coliid=I2JYBTEMIZEQN7&ref_=wl_it_dp_o_pC_nS_ttl
Open City,Teju Cole,fiction,5,,http://www.amazon.com/gp/product/0812980093?colid=FPQHKBWL424H&coliid=I2U902PLTFDK87&ref_=wl_it_dp_o_pC_nS_ttl
Mr Penumbra's 24 Hour Bookstore,Robin Sloan,fiction,4,,http://www.amazon.com/gp/product/1250037751?colid=FPQHKBWL424H&coliid=I393E62LBVK3K5&ref_=wl_it_dp_o_pd_nS_ttl
White Teeth,Zadie Smith,fiction,4,,http://www.amazon.com/gp/product/0375703861?colid=FPQHKBWL424H&coliid=I2HOGAJRDB9CPE&ref_=wl_it_dp_o_pd_nS_ttl
Panarchy: Understanding Transformations in Human and Natural Systems,Lance Gunderson,politics,3,,http://www.amazon.com/gp/product/1559638575?colid=RRGQ6P3CAW8K&coliid=IAT3WORHS5SAX&ref_=wl_it_dp_o_pd_S_ttl
A Different Universe,Robert Laughlin,science,4,,http://www.amazon.com/gp/product/0465038298?colid=RRGQ6P3CAW8K&coliid=I31GVC5BS8M8S0&ref_=wl_it_dp_o_pC_nS_ttl
We Have Never Been Modern,Bruno Latour,,5,,http://www.amazon.com/gp/product/0674948394?colid=RRGQ6P3CAW8K&coliid=I15ZC2PWE57YXI&ref_=wl_it_dp_o_pd_nS_ttl
Venture Deals,Brad Feld,business,4,,http://www.amazon.com/gp/product/1118443616?colid=RRGQ6P3CAW8K&coliid=IIUT3DR95H6PY&ref_=wl_it_dp_o_pd_nS_ttl
The Real World of Technology,Ursula Franklin,politics,5,,http://www.amazon.com/gp/product/088784636X?colid=RRGQ6P3CAW8K&coliid=I21EP5STPKNA10&ref_=wl_it_dp_o_pd_S_ttl
Infinite Jest,DFW,fiction,5,,http://www.amazon.com/gp/product/0316066524?colid=RRGQ6P3CAW8K&coliid=I3UX1OO9R8PIN6&ref_=wl_it_dp_o_pd_nS_ttl
Landmarks,Robert MacFarlane,architecture,5,,http://www.amazon.com/gp/product/0241146534?colid=RRGQ6P3CAW8K&coliid=IXDCZLQKM09A4&ref_=wl_it_dp_o_pC_nS_ttl
The Little Prover,Daniel Friedman,programming,3,,http://www.amazon.com/gp/product/0262527952?colid=JMUX9WUONOT7&coliid=ID9PJHWJ0URE3&ref_=wl_it_dp_o_pd_nS_ttl
Land of Lisp,Conrad Barski,programming,3,,http://www.amazon.com/gp/product/1593272812?colid=JMUX9WUONOT7&coliid=I13WZYJ6PDQPV0&ref_=wl_it_dp_o_pC_S_ttl
Design Patterns: Elements of Reusable Object-Oriented Software,Erich Gamma,programming,3,,http://www.amazon.com/gp/product/0201633612?colid=JMUX9WUONOT7&coliid=I1P9V5GZLS2618&ref_=wl_it_dp_o_pd_nS_ttl
The Little Schemer,Daniel Friedman,programming,3,,http://www.amazon.com/Little-Schemer-Daniel-P-Friedman/dp/0262560992/ref=sr_1_2?ie=UTF8&qid=1436326232&sr=8-2&keywords=the+reasoned+schemer
The Seasoned Schemer,Daniel Friedman,programming,3,,http://www.amazon.com/Seasoned-Schemer-Daniel-P-Friedman/dp/026256100X/ref=sr_1_3?ie=UTF8&qid=1436326232&sr=8-3&keywords=the+reasoned+schemer
The Reasoned Schemer,Daniel Friedman,programming,3,,http://www.amazon.com/Reasoned-Schemer-Daniel-P-Friedman/dp/0262562146/ref=sr_1_1?ie=UTF8&qid=1436326232&sr=8-1&keywords=the+reasoned+schemer
Jose Mourinho' Real Madrid - A Tactical Analysis: Defending,Tersiz Athanasios,football,2,,http://www.amazon.com/gp/product/095667528X?colid=1MNJT53RW6LHQ&coliid=I3JXOCPG0VLZFI&ref_=wl_it_dp_o_pd_S_ttl
Jose Mourinho' Real Madrid - A Tactical Analysis: Defending,Tersiz Athanasios,football,2,,http://www.amazon.com/gp/product/0956675271?colid=1MNJT53RW6LHQ&coliid=IPMK0KQ5GUC7B&ref_=wl_it_dp_o_pd_S_ttl
Mourinho: Further Anatomy of a Winner,Patrick Barclay,biography,3,,http://www.amazon.com/gp/product/1409136272?colid=1MNJT53RW6LHQ&coliid=I18X5VPZAFBVNK&ref_=wl_it_dp_o_pC_nS_ttl
Jose Mourinho - Made in Portugal,Luis Lourenco,biography,3,,http://www.amazon.com/gp/product/0954684338?colid=1MNJT53RW6LHQ&coliid=I3JPL0MUJNZQ1Q&ref_=wl_it_dp_o_pC_nS_ttl
Arsenal: The Making of a Modern Superclub,Alex Fynn,football,5,,http://www.amazon.com/gp/product/1907637311?colid=1MNJT53RW6LHQ&coliid=IT8Q2DY2UQ5YV&ref_=wl_it_dp_o_pC_S_ttl
Attacking Soccer: A Tactical Analysis,Massimo Lucchesi,football,2,,http://www.amazon.com/gp/product/1890946710?colid=1MNJT53RW6LHQ&coliid=IVOJILOVAIZY5&ref_=wl_it_dp_o_pd_nS_ttl
Pay as You Play: The True Price of Success in the PL,Paul Tomkins,football,3,,http://www.amazon.com/gp/product/0955925339?colid=1MNJT53RW6LHQ&coliid=I3568GGEMP4374&ref_=wl_it_dp_o_pC_nS_ttl
The Coaching Philosophies of LVG and the Ajax Coaches,Henny Kormelink,football,3,,http://www.amazon.com/gp/product/1890946036?colid=1MNJT53RW6LHQ&coliid=I1OLDZ9BEUUEFJ&ref_=wl_it_dp_o_pC_S_ttl
FC Barcelona - A Tactical Analysis: Attacking,Tersiz Athanasios,football,2,,http://www.amazon.com/gp/product/0956675239?colid=1MNJT53RW6LHQ&coliid=IO96MU54V63R2&ref_=wl_it_dp_o_pC_S_ttl
Arsene Wenger: The Authorized Biography,Xavier Rivoire,biography,5,,http://www.amazon.com/gp/product/1845133390?colid=1MNJT53RW6LHQ&coliid=I3OL8B57695N6T&ref_=wl_it_dp_o_pd_S_ttl
The Intelligent Investor,Ben Graham,finance,3,,http://www.amazon.com/gp/product/B000FC12C8?colid=37GZ0Q8AZVOZ8&coliid=I1NJYJN3VPTRJU&ref_=wl_it_dp_o_pC_nS_ttl
The Great Transformation: The Political and Economic Origins of Our Time,Karl Polanyi,finance,3,,http://www.amazon.com/gp/product/080705643X?colid=37GZ0Q8AZVOZ8&coliid=I11XTRKFRLR7CS&ref_=wl_it_dp_o_pC_nS_ttl
Brave New War,John Robb,politics,2,,http://www.amazon.com/gp/product/0471780790?colid=37GZ0Q8AZVOZ8&coliid=IEDSQ1PG6Q07&ref_=wl_it_dp_o_pC_S_ttl
The Diamond Age,Neal Stephenson,science-fiction,4,,http://www.amazon.com/gp/product/0553096095?colid=FPQHKBWL424H&coliid=I1S6E86V3LZKAB&ref_=wl_it_dp_o_pC_nS_ttl
Salvage the Bones,Jesmyn Ward,fiction,3,,http://www.amazon.com/gp/product/1608196267?colid=FPQHKBWL424H&coliid=I119N6PUXZRUVO&ref_=wl_it_dp_o_pd_nS_ttl
The Faraway Nearby,Rebecca Solnit,fiction,3,,http://www.amazon.com/gp/product/0143125494?colid=FPQHKBWL424H&coliid=I2Q5AW2LBKG8O1&ref_=wl_it_dp_o_pd_S_ttl
A Confederacy of Dunces,John Kennedy Toole,fiction,3,,http://www.amazon.com/gp/product/0807126063?colid=2LMPXLZ7PRY8&coliid=IXQ0BDIUW5CIM&ref_=wl_it_dp_o_pC_nS_ttl
The Third Policeman,Flann O'Brien,fiction,3,,http://www.amazon.com/gp/product/156478214X?colid=2LMPXLZ7PRY8&coliid=I2E24SZRZBHEEL&ref_=wl_it_dp_o_pd_nS_ttl
Crash: A Novel,J.G. Ballard,science-fiction,4,,http://www.amazon.com/gp/product/0312420331?colid=2LMPXLZ7PRY8&coliid=IW98Z1MFKLX6H&ref_=wl_it_dp_o_pC_nS_ttl
Concrete Island: A Novel,J.G. Ballard,science-fiction,3,,http://www.amazon.com/gp/product/031242034X?colid=2LMPXLZ7PRY8&coliid=I1OHR0NXTU25XI&ref_=wl_it_dp_o_pC_nS_ttl
Hyperion,Dan Simmons,science-fiction,4,,http://www.amazon.com/gp/product/0575116773?colid=2LMPXLZ7PRY8&coliid=I20DC1BX9OXS90&ref_=wl_it_dp_o_pC_nS_ttl
Neuromancer,William Gibson,science-fiction,3,,http://www.amazon.com/gp/product/0441012035?colid=2LMPXLZ7PRY8&coliid=I1JW1SMK7LF2YU&ref_=wl_it_dp_o_pC_nS_ttl
Impressions of Africa,Raymond Roussel,fiction,3,,http://www.amazon.com/gp/product/1847492703?colid=2LMPXLZ7PRY8&coliid=I69K5NGJW4XB7&ref_=wl_it_dp_o_pd_nS_ttl
The Crying of Lot 49,Thomas Pynchon,science-fiction,4,,http://www.amazon.com/gp/product/1606864602?colid=2LMPXLZ7PRY8&coliid=I1IKM7VR8SW3KO&ref_=wl_it_dp_o_pC_nS_ttl
The Wild Boys,William S. Burroughs,science-fiction,3,,http://www.amazon.com/gp/product/0802133312?colid=2LMPXLZ7PRY8&coliid=I2A42UUN1D09YD&ref_=wl_it_dp_o_pd_S_ttl
War in the Age of Intelligent Machines,Manuel De Landa,politics,3,,http://www.amazon.com/gp/product/0942299752?colid=2LMPXLZ7PRY8&coliid=I1QPBYJ6ZT47EU&ref_=wl_it_dp_o_pC_nS_ttl
Crazy is a Compliment,Linda Rottenberg,self-improvement,4,,http://www.amazon.com/gp/product/B00INIXTGI?colid=2DIJ6MQCOT3H9&coliid=I33R6KSEUKCGKI&ref_=wl_it_dp_o_pd_nS_ttl
The Art of Possibility,Rosamund Stone Zander,self-improvement,3,,http://www.amazon.com/gp/product/B00N1KJ76E?colid=2DIJ6MQCOT3H9&coliid=IL8JITVFHNMBU&ref_=wl_it_dp_o_pd_nS_ttl
Predictable Revenue,Aaron Ross,business,2,,http://www.amazon.com/gp/product/0984380213?colid=2DIJ6MQCOT3H9&coliid=I10DX2HULAQS3P&ref_=wl_it_dp_o_pC_nS_ttl
A Fighter's Heart,Sam Sheridan,self-improvement,3,,http://www.amazon.com/gp/product/0802143431?colid=2DIJ6MQCOT3H9&coliid=I36H96W8WADKGR&ref_=wl_it_dp_o_pC_nS_ttl
The Fighter's Mind,Sam Sheridan,self-improvement,3,,http://www.amazon.com/gp/product/0802119352?colid=2DIJ6MQCOT3H9&coliid=I1WY9QQ66WS5E6&ref_=wl_it_dp_o_pC_nS_ttl
Feynman Lectures on Computation,Richard Feynman,programming,5,,http://www.amazon.com/gp/product/0738202967?colid=RRGQ6P3CAW8K&coliid=I25R1KRS713IKM&ref_=wl_it_dp_o_pC_nS_ttl
The Names,Don Delillo,fiction,3,,http://www.amazon.com/gp/product/0679722955?colid=RRGQ6P3CAW8K&coliid=I3GNVPH9NU594L&ref_=wl_it_dp_o_pd_S_ttl
Pafko at the Wall,Don Delillo,fiction,3,,http://www.amazon.com/gp/product/0743230000?colid=RRGQ6P3CAW8K&coliid=I1E15YLZY3VR53&ref_=wl_it_dp_o_pC_nS_ttl
White Noise,Don Delillo,fiction,3,,http://www.amazon.com/gp/product/0143105981?colid=RRGQ6P3CAW8K&coliid=I3ULATEQC0HEHA&ref_=wl_it_dp_o_pC_nS_ttl
Libra,Don Delillo,fiction,3,,http://www.amazon.com/gp/product/0140156046?colid=RRGQ6P3CAW8K&coliid=I3VYQOB44Z83ZP&ref_=wl_it_dp_o_pC_S_ttl
Regular Expressions Cookbook,Jan Goyvaerts,programming,3,,http://www.amazon.com/gp/product/1449319432?colid=RRGQ6P3CAW8K&coliid=I3VYC5O8ZJJOXR&ref_=wl_it_dp_o_pd_nS_ttl
Mastering Regular Expressions,Jeffrey Friedl,programming,3,,http://www.amazon.com/gp/product/0596528124?colid=RRGQ6P3CAW8K&coliid=I3CNCGK7JV1G0K&ref_=wl_it_dp_o_pC_nS_ttl
Introducing Regular Expressions,Michael Fitzgerald,programming,3,,http://www.amazon.com/gp/product/1449392687?colid=RRGQ6P3CAW8K&coliid=I264Q4Q528ISXS&ref_=wl_it_dp_o_pC_nS_ttl
Designing Interfaces,Jenifer Tidwell,design,3,,http://www.amazon.com/gp/product/1449379702?colid=RRGQ6P3CAW8K&coliid=IQQZBZSDJYT6T&ref_=wl_it_dp_o_pC_nS_ttl
Semiology of Graphics,Jacques Bertin,design,5,,http://www.amazon.com/gp/product/1589482611?colid=RRGQ6P3CAW8K&coliid=I1EZ3X97TR3WDQ&ref_=wl_it_dp_o_pd_S_ttl
The Design of Everyday Things,Donald Norman,design,4,,http://www.amazon.com/gp/product/0465067107?colid=RRGQ6P3CAW8K&coliid=I1T2B5KNMNIVFQ&ref_=wl_it_dp_o_pC_nS_ttl
i -- six nonlectures,e e cummings,self-improvement,5,,http://www.amazon.com/gp/product/0674440102?colid=RRGQ6P3CAW8K&coliid=I12YQB45QO5D&ref_=wl_it_dp_o_pC_S_ttl
Nova Express,William S. Burroughs,science-fiction,5,,http://www.amazon.com/gp/product/0802122086?colid=FPQHKBWL424H&coliid=IZ1TDATGXVI86&ref_=wl_it_dp_o_pC_S_ttl
1004,Ben Lerner,fiction,4,,http://www.amazon.com/gp/product/0865478104?colid=FPQHKBWL424H&coliid=IL3UIS6DOI1PD&ref_=wl_it_dp_o_pd_nS_ttl
NW: A Novel,Zadie Smith,fiction,3,,http://www.amazon.com/gp/product/0143123939?colid=FPQHKBWL424H&coliid=I2RTCU2CEHC6BV&ref_=wl_it_dp_o_pd_nS_ttl
The Conniesseur,Evan Connell,fiction,3,,http://www.amazon.com/gp/product/1593760620?colid=FPQHKBWL424H&coliid=IT5CGW94G9XX7&ref_=wl_it_dp_o_pC_S_ttl
Pale Fire,Vladimir Nabokov,fiction,5,,http://www.amazon.com/gp/product/0679723420?colid=FPQHKBWL424H&coliid=I1DTEOMJFBSIOT&ref_=wl_it_dp_o_pd_nS_ttl
The Treasure of the Sierra Madre: A Novel,B. Traven,fiction,3,,http://www.amazon.com/gp/product/0809092972?colid=FPQHKBWL424H&coliid=I32HOKOZZY0ZK1&ref_=wl_it_dp_o_pC_S_ttl
"Winesburg, Ohio",Sherwood Anderson,fiction,4,,http://www.amazon.com/gp/product/1463684266?colid=FPQHKBWL424H&coliid=I2KHDF28Z9VBGP&ref_=wl_it_dp_o_pC_nS_ttl
The Dream of a Ridiculous Man,Fyodor Dostoyevsky,fiction,3,,http://www.amazon.com/gp/product/1161461701?colid=FPQHKBWL424H&coliid=I2RY31JJUU8PXR&ref_=wl_it_dp_o_pC_S_ttl
Armageddon in Retrospect,Kurt Vonnegut,fiction,4,,http://www.amazon.com/gp/product/0425226891?colid=FPQHKBWL424H&coliid=I1AL632MRDVOUL&ref_=wl_it_dp_o_pd_S_ttl
Narcissus and Goldmund,Hermann Hesse,fiction,3,,http://www.amazon.com/gp/product/0312421672?colid=FPQHKBWL424H&coliid=I1KAK0956AHFF9&ref_=wl_it_dp_o_pC_S_ttl
War and Peace,Leo Tolstoy,fiction,4,,http://www.amazon.com/gp/product/1607103109?colid=FPQHKBWL424H&coliid=IRNZBK1KAADSL&ref_=wl_it_dp_o_pC_nS_ttl
Far away and Long ago,W. H. Hudson,fiction,4,,http://www.amazon.com/gp/product/1611043646?colid=FPQHKBWL424H&coliid=IR597MF5JZQO3&ref_=wl_it_dp_o_pd_nS_ttl
Where I'm Calling From,Raymond Carver,fiction,3,,http://www.amazon.com/gp/product/0679722319?colid=FPQHKBWL424H&coliid=I2PQQ6I0LW5PHU&ref_=wl_it_dp_o_pC_nS_ttl
With the Old Breed,E.B. Sledge,fiction,4,,http://www.amazon.com/gp/product/0195067142?colid=FPQHKBWL424H&coliid=I2PXBK8IBY5MMZ&ref_=wl_it_dp_o_pC_nS_ttl
Six Memos for the Next Millennium,Italo Calvino,fiction,5,,http://www.amazon.com/gp/product/0679742379?colid=FPQHKBWL424H&coliid=I1FML7XM2MN3AG&ref_=wl_it_dp_o_pC_nS_ttl
Indian Nocturne,Antonio Tabucchi,fiction,4,,http://www.amazon.com/gp/product/0811210804?colid=FPQHKBWL424H&coliid=I3AK0HULICAD53&ref_=wl_it_dp_o_pC_S_ttl
The Rings of Saturn,W.G. Sebald,fiction,3,,http://www.amazon.com/gp/product/0811214133?colid=FPQHKBWL424H&coliid=ISBI2P7HM08M3&ref_=wl_it_dp_o_pC_nS_ttl
In Patagonia,Bruce Chatwin,fiction,4,,http://www.amazon.com/gp/product/0142437190?colid=FPQHKBWL424H&coliid=I1V6BZY3EC2GNE&ref_=wl_it_dp_o_pC_nS_ttl
The Road to Reality: A Complete Guide to the Laws of the Universe,Roger Penrose,technical,3,,http://www.amazon.com/dp/0679776311/ref=wl_it_dp_o_pC_nS_ttl?_encoding=UTF8&colid=3KDD12QBZ1TP&coliid=IAWMYER53S3GY
The Structures of Everyday Life,Fernand Braudel,politics,4,,http://www.amazon.com/dp/B0044O4CW0/ref=wl_it_dp_o_pC_nS_ttl?_encoding=UTF8&colid=3KDD12QBZ1TP&coliid=I70XDJ32GD349
Bird by Bird,Anne Lamott,,5,,http://www.amazon.com/dp/0385480016/ref=wl_it_dp_o_pC_nS_ttl?_encoding=UTF8&colid=3KDD12QBZ1TP&coliid=IOHJNDU74LAL
"Where the Heart Beats: John Cage, Zen Buddhism, and the Inner Life of Artists",Kay Larson,self-improvement,4,,http://www.amazon.com/dp/1594203407/ref=wl_it_dp_o_pC_nS_ttl?_encoding=UTF8&colid=3KDD12QBZ1TP&coliid=I1CRYEI6P6TNK3
How Buildings Learn,Stewart Brand,architecture,5,,http://www.amazon.com/dp/0670835153/ref=wl_it_dp_o_pC_nS_ttl?_encoding=UTF8&colid=3KDD12QBZ1TP&coliid=I1VOZNN48XA0GS
Gaia: A New Look at Life on Earth,James Lovelock,,3,,http://www.amazon.com/dp/0192862189/ref=wl_it_dp_o_pC_S_ttl?_encoding=UTF8&colid=3KDD12QBZ1TP&coliid=I2V9MKIDX2JE8H
Essentialism: The Disciplined Pursuit of Less,Greg Mckeown,self-improvement,2,,http://www.amazon.com/dp/B00G1J1D28/ref=wl_it_dp_o_pC_nS_ttl?_encoding=UTF8&colid=2DIJ6MQCOT3H9&coliid=I2TXA0FCFXY6JE
The Adventures of Johnny Bunko: The Last Career Guide You'll Ever Need,Daniel Pink,self-improvement,2,,http://www.amazon.com/dp/B0015DRPL8/ref=wl_it_dp_o_pC_nS_ttl?_encoding=UTF8&colid=2DIJ6MQCOT3H9&coliid=I3LCNIF2PB6FGP
SPIN Selling,Neil Rackham,self-improvement,3,,http://www.amazon.com/dp/0070511136/ref=wl_it_dp_o_pd_nS_ttl?_encoding=UTF8&colid=2DIJ6MQCOT3H9&coliid=I1ZKCHF6GIQUV9
The Magic of Thinking Big,David Schwartz,self-improvement,2,,http://www.amazon.com/dp/0671646788/ref=wl_it_dp_o_pC_nS_ttl?_encoding=UTF8&colid=2DIJ6MQCOT3H9&coliid=I1CDVWIDRHAALA
Small Giants: Companies That Choose to Be Great Instead of Big,Bo Burlingham,self-improvement,2,,http://www.amazon.com/dp/B000OCXFYC/ref=wl_it_dp_o_pd_nS_ttl?_encoding=UTF8&colid=2DIJ6MQCOT3H9&coliid=I3IGJ0RIVW722Y
The Ultimate Sales Machine,Chet Holmes,self-improvement,3,,http://www.amazon.com/dp/1591842158/ref=wl_it_dp_o_pd_nS_ttl?_encoding=UTF8&colid=2DIJ6MQCOT3H9&coliid=I3664OKBRU7250
The 22 Immutable Laws of Marketing,Al Ries,self-improvement,2,,http://www.amazon.com/dp/0887306667/ref=wl_it_dp_o_pd_nS_ttl?_encoding=UTF8&colid=2DIJ6MQCOT3H9&coliid=I3GOFY1AANJCQT
Time and the Art of Living,Robert Grudin,self-improvement,4,,http://www.amazon.com/dp/0395898315/ref=wl_it_dp_o_pC_nS_ttl?_encoding=UTF8&colid=2DIJ6MQCOT3H9&coliid=I3RYFDWNGFI4FB
Reflections on the Art of Living,Joseph Campbell,self-improvement,4,,http://www.amazon.com/dp/0060926171/ref=wl_it_dp_o_pC_nS_ttl?_encoding=UTF8&colid=2DIJ6MQCOT3H9&coliid=I1QQF6FBDW48SC
On the Taboo Against Knowing Who You Are,Alan Watts,self-improvement,3,,http://www.amazon.com/dp/0679723005/ref=wl_it_dp_o_pd_nS_ttl?_encoding=UTF8&colid=2DIJ6MQCOT3H9&coliid=I25S72PLZUCX67
The Power of Now,Eckhart Tolle,self-improvement,3,,http://www.amazon.com/dp/1577314808/ref=wl_it_dp_o_pC_nS_ttl?_encoding=UTF8&colid=2DIJ6MQCOT3H9&coliid=I2OZ9Z85BUA1DE
Ho to Win Friends and Influence People,Dale Carnegie,self-improvement,3,,http://www.amazon.com/dp/0671723650/ref=wl_it_dp_o_pC_nS_ttl?_encoding=UTF8&colid=2DIJ6MQCOT3H9&coliid=I1U1MPPRVVRRFP
Man's Searcch for Meaning,Viktor Frankl,self-improvement,2,,http://www.amazon.com/dp/0807014273/ref=wl_it_dp_o_pd_nS_ttl?_encoding=UTF8&colid=2DIJ6MQCOT3H9&coliid=I2EDDJ787AMPLZ
Art of Living,Epictetus,self-improvement,4,,http://www.amazon.com/dp/0061286052/ref=wl_it_dp_o_pd_nS_ttl?_encoding=UTF8&colid=2DIJ6MQCOT3H9&coliid=I48IU0Z4FQPJL
The Ego Tunnel: The Science of the Mind and the Myth of the Self,Thomas Metzinger,self-improvement,3,,http://www.amazon.com/dp/0465020690/ref=wl_it_dp_o_pC_nS_ttl?_encoding=UTF8&colid=2DIJ6MQCOT3H9&coliid=I13DYQTSPGO7A3
Ways of Seeing,John Berger,self-improvement,5,,http://www.amazon.com/dp/0140135154/ref=wl_it_dp_o_pC_nS_ttl?_encoding=UTF8&colid=2DIJ6MQCOT3H9&coliid=ISIZRR2MZY7SQ
How to Get Rich,Felix Dennis,self-improvement,2,,http://www.amazon.com/dp/0091912652/ref=wl_it_dp_o_pC_nS_ttl?_encoding=UTF8&colid=2DIJ6MQCOT3H9&coliid=I1HHJLJTP43W0I
Metamagical Themas: Questing for the Essence of Mind and Pattern,Douglas Hofstadter,self-improvement,4,,http://www.amazon.com/dp/0465045405/ref=wl_it_dp_o_pC_nS_ttl?_encoding=UTF8&colid=2DIJ6MQCOT3H9&coliid=I1WBBJ7X0J6UFB
The User Illusion,Tor Norretranders,philosophy,3,,http://www.amazon.com/dp/0140230122/ref=wl_it_dp_o_pC_S_ttl?_encoding=UTF8&colid=2DIJ6MQCOT3H9&coliid=I3TL2TBJCT28UC
How to Talk So Kids Will Listen & Listen So Kids Will Talk,Adele Faber,self-improvement,3,,http://www.amazon.com/dp/0380811960/ref=wl_it_dp_o_pC_nS_ttl?_encoding=UTF8&colid=2DIJ6MQCOT3H9&coliid=I3FGIBP6GJS0M9
Stirner: The Ego and its Own,Max Stirner,philosophy,3,,http://www.amazon.com/dp/0521456479/ref=wl_it_dp_o_pC_nS_ttl?_encoding=UTF8&colid=2DIJ6MQCOT3H9&coliid=IJ2EGTBRNK4XF
Science and Practice of Strength Training,Vladimir Zatsiorsky,self-improvement,2,,http://www.amazon.com/dp/0736056289/ref=wl_it_dp_o_pC_nS_ttl?_encoding=UTF8&colid=2DIJ6MQCOT3H9&coliid=I1Y2SVFXZNJMJN
Willpower: Rediscovering the Greatest Human Strength,Roy Baumesiter,self-improvement,4,,http://www.amazon.com/dp/1594203075/ref=wl_it_dp_o_pC_S_ttl?_encoding=UTF8&colid=2DIJ6MQCOT3H9&coliid=I6117D5Y7X3DZ
Being No One: The Self-Model Theory of Subjectivity,Thomas Metzinger,self-improvement,3,,http://www.amazon.com/dp/0262134179/ref=wl_it_dp_o_pC_nS_ttl?_encoding=UTF8&colid=2DIJ6MQCOT3H9&coliid=I1OG1EXF9Z9L30
"Memories, Dreams, Reflections",C.G. Jung,self-improvement,3,,http://www.amazon.com/dp/0679723951/ref=wl_it_dp_o_pC_nS_ttl?_encoding=UTF8&colid=2DIJ6MQCOT3H9&coliid=I3SHZGMOOTIV57
Influence: Science and Practice,Robert Cialdini,self-improvement,3,,http://www.amazon.com/dp/0205609996/ref=wl_it_dp_o_pC_nS_ttl?_encoding=UTF8&colid=2DIJ6MQCOT3H9&coliid=I2JUDSQTM3E7TX
"Now, Discover Your Strengths",Marcus Buckingham,self-improvement,3,,http://www.amazon.com/dp/0743201140/ref=wl_it_dp_o_pC_nS_ttl?_encoding=UTF8&colid=2DIJ6MQCOT3H9&coliid=IJHYAQ8KUVONP
Built to Last: Successful Habits of Visionary Companies,Jim Collins,business,3,,http://www.amazon.com/dp/0060566108/ref=wl_it_dp_o_pC_nS_ttl?_encoding=UTF8&colid=2DIJ6MQCOT3H9&coliid=I7210RCS1S2YE
Mastering the Rockefeller Habist,Verne Harnish,business,3,,http://www.amazon.com/dp/1590790154/ref=wl_it_dp_o_pC_nS_ttl?_encoding=UTF8&colid=2DIJ6MQCOT3H9&coliid=I2I761JIEFH7ON
Cognitive Surplus: Creativity and Generosity in a Connected Age,Clay Shirky,self-improvement,3,,http://www.amazon.com/dp/1594202532/ref=wl_it_dp_o_pC_S_ttl?_encoding=UTF8&colid=2DIJ6MQCOT3H9&coliid=I3JTF1ARQO3XQ7
"The Power of Full Engagement: Managing Energy, Not Time",Jim Loehr,self-improvement,3,,http://www.amazon.com/dp/0743226755/ref=wl_it_dp_o_pd_nS_ttl?_encoding=UTF8&colid=2DIJ6MQCOT3H9&coliid=II1YPWYARUIE3
Talent is Overrated,Geoff Colvin,self-improvement,3,,http://www.amazon.com/dp/1591842247/ref=wl_it_dp_o_pC_S_ttl?_encoding=UTF8&colid=2DIJ6MQCOT3H9&coliid=I3O8T8BRLNUEU3
The Talent Code,Daniel Coyle,self-improvement,3,,http://www.amazon.com/dp/055380684X/ref=wl_it_dp_o_pC_nS_ttl?_encoding=UTF8&colid=2DIJ6MQCOT3H9&coliid=I31HO27I931OHJ
Managing Oneself,Peter Drucker,self-improvement,4,,http://www.amazon.com/dp/142212312X/ref=wl_it_dp_o_pd_nS_ttl?_encoding=UTF8&colid=2DIJ6MQCOT3H9&coliid=I8HPZKM9V3LS3
Book of Five Rings,Miyamoto Musashi,self-improvement,4,,http://www.amazon.com/dp/0517415283/ref=wl_it_dp_o_pC_nS_ttl?_encoding=UTF8&colid=2DIJ6MQCOT3H9&coliid=ISNXRQ2OAOWHW
The Tibetan Yogas of Dream and Sleep,Tenzin Wangyal Rinpoche,self-improvement,3,,http://www.amazon.com/dp/1559391014/ref=wl_it_dp_o_pC_nS_ttl?_encoding=UTF8&colid=2DIJ6MQCOT3H9&coliid=I1TA8KK7318R3V
Emotional Intelligence,Daniel Goleman,self-improvement,3,,http://www.amazon.com/dp/055380491X/ref=wl_it_dp_o_pd_nS_ttl?_encoding=UTF8&colid=2DIJ6MQCOT3H9&coliid=IJCOVJDOZB6J5
The 7 Habits of Highly Effective People,Stephen Covey,self-improvement,3,,http://www.amazon.com/dp/0743269519/ref=wl_it_dp_o_pC_nS_ttl?_encoding=UTF8&colid=2DIJ6MQCOT3H9&coliid=IXEFCBXBOLOT1
The Greatest Secret in the World,Og Mandino,self-improvement,4,,http://www.amazon.com/dp/0553280384/ref=wl_it_dp_o_pC_nS_ttl?_encoding=UTF8&colid=2DIJ6MQCOT3H9&coliid=IM3U4GNS7A1ED
Flow: The Psychology of Optimal Experience,Mihaly Cskikszentmihalyi,self-improvement,4,,http://www.amazon.com/dp/0061339202/ref=wl_it_dp_o_pC_nS_ttl?_encoding=UTF8&colid=2DIJ6MQCOT3H9&coliid=IYCVNUT80B9S
The Hambridge Handbook of Expertise and Expert Performance,K. Ericsson,self-improvement,3,,http://www.amazon.com/dp/0521600812/ref=wl_it_dp_o_pC_S_ttl?_encoding=UTF8&colid=2DIJ6MQCOT3H9&coliid=I3PI6ZILAZQJ3M
What Every BODY is Saying,Joe Navarro,self-improvement,3,,http://www.amazon.com/dp/0061438294/ref=wl_it_dp_o_pC_nS_ttl?_encoding=UTF8&colid=2DIJ6MQCOT3H9&coliid=I27B6EX29V2XW5
"American Force: Dangers, Delusions, and Dilemmas in National Secruity",R.K. Betts,politics,2,,http://www.amazon.com/gp/product/B006NVGGVW?colid=37GZ0Q8AZVOZ8&coliid=I2WQRM7LK9ARXZ&ref_=wl_it_dp_o_pC_nS_ttl
Tocqueville and His America: A Darker Horizon,Arthur Kaledin,politics,3,,http://www.amazon.com/gp/product/0300119313?colid=37GZ0Q8AZVOZ8&coliid=IYSHPUAFCF4LD&ref_=wl_it_dp_o_pC_S_ttl
"Why Nations Fail: The Origins of Power, Prosperity, and Poverty",Daron Acemoglu,politics,2,,http://www.amazon.com/gp/product/0307719219?colid=37GZ0Q8AZVOZ8&coliid=IVHD2BLYU6ULI&ref_=wl_it_dp_o_pC_S_ttl
The Debt Generation,David Malone,politics,3,,http://www.amazon.com/gp/product/0956690203?colid=37GZ0Q8AZVOZ8&coliid=I1SDR4H7SCX2YV&ref_=wl_it_dp_o_pC_nS_ttl
The True Gold Standard,Lewis Lehrman,politics,2,,http://www.amazon.com/gp/product/0984017801?colid=37GZ0Q8AZVOZ8&coliid=I3BLIJJDAKIP8C&ref_=wl_it_dp_o_pd_S_ttl
The Power of the Powerless,Vaclac Havel,politics,3,,http://www.amazon.com/gp/product/0873327616?colid=37GZ0Q8AZVOZ8&coliid=ISBN3Z5WZFUN5&ref_=wl_it_dp_o_pC_S_ttl
Economics in One Lession,Henry Hazlitt,politics,3,,http://www.amazon.com/gp/product/0517548232?colid=37GZ0Q8AZVOZ8&coliid=I2WNHXB6GLP7X1&ref_=wl_it_dp_o_pd_nS_ttl
The Underground History of American Education,John Taylor,politics,2,,http://www.amazon.com/gp/product/B000KF42JK?colid=37GZ0Q8AZVOZ8&coliid=I1Q2DCYOKZTXNR&ref_=wl_it_dp_o_pC_nS_ttl
The Breakdown of Nations,Leopold Kuhr,politics,3,,http://www.amazon.com/gp/product/1870098986?colid=37GZ0Q8AZVOZ8&coliid=INBKE4Y526YHT&ref_=wl_it_dp_o_pC_nS_ttl
Currency Wars,James Rickards,politics,4,,http://www.amazon.com/gp/product/1591844495?colid=37GZ0Q8AZVOZ8&coliid=IC44SQWRJVFQF&ref_=wl_it_dp_o_pC_nS_ttl
The Rationale of Central Banking and the Free Banking Alternative,Vera Smith,politics,2,,http://www.amazon.com/gp/product/0865970866?colid=37GZ0Q8AZVOZ8&coliid=IAMXFB2RQ7BYH&ref_=wl_it_dp_o_pC_S_ttl
Reflections of the Formation and the Distribution of Riches,Anne-Robert-Jacques Turgot,politics,4,,http://www.amazon.com/gp/product/0559737963?colid=37GZ0Q8AZVOZ8&coliid=INDCGTSBJV8D0&ref_=wl_it_dp_o_pC_nS_ttl
The New Empire of Debt,Will Bonner,politics,3,,http://www.amazon.com/gp/product/0470483261?colid=37GZ0Q8AZVOZ8&coliid=ICWBCIT7D5N9M&ref_=wl_it_dp_o_pC_S_ttl
The Sources of Social Power II: The Rise of Classes and Nation States,Michael Mann,politics,3,,http://www.amazon.com/gp/product/052144585X?colid=37GZ0Q8AZVOZ8&coliid=I15XN7GSFN520I&ref_=wl_it_dp_o_pC_nS_ttl
On Photography,Susan Sontag,,5,,http://www.amazon.com/dp/0312420099/ref=wl_it_dp_o_pC_nS_ttl?_encoding=UTF8&colid=3KDD12QBZ1TP&coliid=I13OVCGMOH4DRE
Freedom from Fear,Aung San Suu Kyi,politics,3,,http://www.amazon.com/dp/0141039493/ref=wl_it_dp_o_pd_S_ttl?_encoding=UTF8&colid=3KDD12QBZ1TP&coliid=I17LJDIT02PRDV
The Decline and Fall of the Roman Empire,Edward Gibbon,history,4,,http://www.amazon.com/dp/0307700763/ref=wl_it_dp_o_pd_S_ttl?_encoding=UTF8&colid=3KDD12QBZ1TP&coliid=IZUI16BFQZ4VE
The Odyssey,Homer,fiction,4,,http://www.amazon.com/dp/0670821624/ref=wl_it_dp_o_pC_nS_ttl?_encoding=UTF8&colid=3KDD12QBZ1TP&coliid=IMGA334M6SJ5S
The Iliad,Homer,fiction,4,,http://www.amazon.com/dp/0140275363/ref=wl_it_dp_o_pC_nS_ttl?_encoding=UTF8&colid=3KDD12QBZ1TP&coliid=I19AVE5YSDYS2G
1491: New Revelations of the Americas Before Columbus,Charles C. Mann,history,3,,http://www.amazon.com/dp/1400032059/ref=wl_it_dp_o_pC_nS_ttl?_encoding=UTF8&colid=3KDD12QBZ1TP&coliid=I2W38QGMI2O1YH
Newton's Principia for the Common Reader,S. Chandrasekhar,science,3,,http://www.amazon.com/dp/0198517440/ref=wl_it_dp_o_pC_nS_ttl?_encoding=UTF8&colid=3KDD12QBZ1TP&coliid=IZOS86URHD0XP
Pax Britannica,James Morris,history,4,,http://www.amazon.com/dp/B000RERZQG/ref=wl_it_dp_o_pC_nS_ttl?_encoding=UTF8&colid=3KDD12QBZ1TP&coliid=I470EPHVGZ8I4
Notes on the Synthesis of Form,Christopher Alexander,,5,,http://www.amazon.com/dp/0674627512/ref=wl_it_dp_o_pd_nS_ttl?_encoding=UTF8&colid=2JA44E9EM291T&coliid=ID107XZS3MD0C
A Pattern Language,Chrisopher Alexander,,5,,http://www.amazon.com/dp/0195019199/ref=wl_it_dp_o_pd_nS_ttl?_encoding=UTF8&colid=2JA44E9EM291T&coliid=I15MHUW6ONDK6X
The Mythical Man-Month,Frederick Brooks,programming,3,,http://www.amazon.com/dp/0201835959/ref=wl_it_dp_o_pd_nS_ttl?_encoding=UTF8&colid=2JA44E9EM291T&coliid=I12PRH1A7T6RX2
Spacesuit: Fashioning Apollo,Nicholas de de Monchaux,design,3,,http://www.amazon.com/dp/0201835959/ref=wl_it_dp_o_pd_nS_ttl?_encoding=UTF8&colid=2JA44E9EM291T&coliid=I12PRH1A7T6RX2
The Design of Everyday Things,Don Norman,design,3,,http://www.amazon.com/dp/0465050654/ref=wl_it_dp_o_pd_nS_ttl?_encoding=UTF8&colid=2JA44E9EM291T&coliid=I1IU8DBV2CIXA7
Thoughtful Interaction Design,Jonas Lowgren,design,4,,http://www.amazon.com/dp/0262622092/ref=wl_it_dp_o_pC_S_ttl?_encoding=UTF8&colid=2JA44E9EM291T&coliid=I2ANZVITADI0D3
The Last Art College: Nova Scotia College of Art and Design,Garry Neill Kennedy,,3,,http://www.amazon.com/dp/0262016907/ref=wl_it_dp_o_pC_S_ttl?_encoding=UTF8&colid=2JA44E9EM291T&coliid=I3AKIS8UGS94TS
Life's Other Secret: The New Mathematics of the Living World,Ian Stewart,design,3,,http://www.amazon.com/dp/B007JC1RM2/ref=wl_it_dp_o_pC_nS_ttl?_encoding=UTF8&colid=2JA44E9EM291T&coliid=I3HPW85FQ3QAHA
Grid Systems in Graphic Design,Josef Buller-Brockmann,design,4,,http://www.amazon.com/dp/3721201450/ref=wl_it_dp_o_pd_nS_ttl?_encoding=UTF8&colid=2JA44E9EM291T&coliid=I36CWYVJFHT99O
Don't Make Me Think,Steve Krug,design,3,,http://www.amazon.com/dp/0321965515/ref=wl_it_dp_o_pd_nS_ttl?_encoding=UTF8&colid=2JA44E9EM291T&coliid=I1WBP5AB0GG6AE
Designing Interactions,Bill Moggridge,design,3,,http://www.amazon.com/dp/0262134748/ref=wl_it_dp_o_pC_S_ttl?_encoding=UTF8&colid=2JA44E9EM291T&coliid=I19AE0B7A9TEQE
Design in Nature: How the Constructal Law Governs,Adrian Bejan,design,3,,http://www.amazon.com/dp/0385534612/ref=wl_it_dp_o_pC_nS_ttl?_encoding=UTF8&colid=2JA44E9EM291T&coliid=I31TBML42ZQ7ZF
"Emergence: The Connected Lives of Ants, Cities, and Software",Steven Johnson,design,3,,http://www.amazon.com/dp/0684868768/ref=wl_it_dp_o_pC_nS_ttl?_encoding=UTF8&colid=2JA44E9EM291T&coliid=I3IGCFB7VQTVLA
Limits to Growth,Donella Meadows,design,3,,http://www.amazon.com/dp/193149858X/ref=wl_it_dp_o_pd_nS_ttl?_encoding=UTF8&colid=2JA44E9EM291T&coliid=IZDBDNB7F4GI7
The Transition Companion,Rob Hopkins,,2,,http://www.amazon.com/dp/1603583920/ref=wl_it_dp_o_pC_nS_ttl?_encoding=UTF8&colid=2JA44E9EM291T&coliid=I32C0J4DWJIH8J
Designing Design,Kenya Hara,design,4,,http://www.amazon.com/dp/303778105X/ref=wl_it_dp_o_pC_nS_ttl?_encoding=UTF8&colid=2JA44E9EM291T&coliid=I2LBKU781FFJCT
Seventy-nine Short Essays on Design,Michael Beirut,design,3,,http://www.amazon.com/dp/1568986998/ref=wl_it_dp_o_pd_S_ttl?_encoding=UTF8&colid=2JA44E9EM291T&coliid=I2IBCK8SS1GC2W
Geometry of Design,Kimberly Elam,design,3,,http://www.amazon.com/dp/1568982496/ref=wl_it_dp_o_pC_nS_ttl?_encoding=UTF8&colid=2JA44E9EM291T&coliid=I21WI8WZW7XLGY
Ordering DisorderL Grid Principles for Web Design,Khoi Vinh,design,4,,http://www.amazon.com/dp/0321703537/ref=wl_it_dp_o_pC_S_ttl?_encoding=UTF8&colid=2JA44E9EM291T&coliid=I276GLPWIBOEE6
Designing Books Practice and Theory,Jost Hochuli,design,5,,http://www.amazon.com/dp/0907259235/ref=wl_it_dp_o_pC_nS_ttl?_encoding=UTF8&colid=2JA44E9EM291T&coliid=I1PDY6FQO3EH0M
On Book Design,Richard Hendel,design,5,,http://www.amazon.com/dp/0300075707/ref=wl_it_dp_o_pC_S_ttl?_encoding=UTF8&colid=2JA44E9EM291T&coliid=I21J69XY6XBTEP
Stillness and Light: The Silent Eloquence of Shaker Architecture,Henry Plummer,design,3,,http://www.amazon.com/dp/0253353629/ref=wl_it_dp_o_pC_nS_ttl?_encoding=UTF8&colid=2JA44E9EM291T&coliid=I6F0447YETDKG
Understanding Comics,Scott McCloud,,5,,http://www.amazon.com/dp/006097625X/ref=wl_it_dp_o_pd_nS_ttl?_encoding=UTF8&colid=2JA44E9EM291T&coliid=IZWVRV3RKKC7A
The Art of Japanese Joinery,Kiyosi Seike,design,4,,http://www.amazon.com/dp/0834815168/ref=wl_it_dp_o_pC_nS_ttl?_encoding=UTF8&colid=2JA44E9EM291T&coliid=I2Y5NGBRA8URW1
Dieter Rams: As Little Design as Possible,Sophie Lovell,design,3,,http://www.amazon.com/dp/0714849189/ref=wl_it_dp_o_pd_nS_ttl?_encoding=UTF8&colid=2JA44E9EM291T&coliid=I2Y1BTRMXG8KG1
Less and More: The Design Ethos of Dieter Rams,Keiko Ueki-Polet,design,3,,http://www.amazon.com/dp/3899552776/ref=wl_it_dp_o_pC_nS_ttl?_encoding=UTF8&colid=2JA44E9EM291T&coliid=I3LVMSEPRVCJNU
The Complete Japanese Joinery,Hideo Sato,design,4,,http://www.amazon.com/dp/B002KAOSI8/ref=wl_it_dp_o_pC_nS_ttl?_encoding=UTF8&colid=2JA44E9EM291T&coliid=IQDT59W9PAXB8
Beautiful Evidence,Edward Tufte,design,4,,http://www.amazon.com/dp/0961392177/ref=wl_it_dp_o_pC_nS_ttl?_encoding=UTF8&colid=2JA44E9EM291T&coliid=I62XSO0PA01Y3
The Social Life of Small Urban Spaces,William Whyte,,5,,http://www.amazon.com/dp/097063241X/ref=wl_it_dp_o_pd_S_ttl?_encoding=UTF8&colid=2JA44E9EM291T&coliid=I1Y08YATM31R7O
The Soul of a Tree: A Woodworkers Reflections,George Nakashima,design,5,,http://www.amazon.com/dp/0870119036/ref=wl_it_dp_o_pC_nS_ttl?_encoding=UTF8&colid=2JA44E9EM291T&coliid=IADENPKC9IUKP
Light and Color in the Outdoors,Marcel Minnaert,design,3,,http://www.amazon.com/dp/0387979352/ref=wl_it_dp_o_pd_S_ttl?_encoding=UTF8&colid=2JA44E9EM291T&coliid=I2G2OZ7ZM2W9EJ
Building the Wooden House,Konrad Wachsmann,design,5,,http://www.amazon.com/dp/3764351349/ref=wl_it_dp_o_pC_nS_ttl?_encoding=UTF8&colid=2JA44E9EM291T&coliid=IEP2M1THAL1F6
Out of the Woods,Pat Borer,design,3,,http://www.amazon.com/dp/1898049122/ref=wl_it_dp_o_pC_nS_ttl?_encoding=UTF8&colid=2JA44E9EM291T&coliid=I2KQBS5F4TMD16
For an Architecture of Reality,Michael Benedikt,design,3,,http://www.amazon.com/dp/0930829050/ref=wl_it_dp_o_pC_nS_ttl?_encoding=UTF8&colid=2JA44E9EM291T&coliid=I2E6WC9ET0QM5S
Visual Complexity: Mapping Patterns of Information,Manuel Lima,design,3,,http://www.amazon.com/dp/1568989369/ref=wl_it_dp_o_pd_S_ttl?_encoding=UTF8&colid=2JA44E9EM291T&coliid=IKOG2XF1YYLTJ
Thinking in Systems: A Primer,Donella Meadows,design,3,,http://www.amazon.com/dp/1603580557/ref=wl_it_dp_o_pd_nS_ttl?_encoding=UTF8&colid=2JA44E9EM291T&coliid=I3KZRCXBH9OBP1
The Design of Design: Essays from a Computer Scientist,Frederick Brooks,design,4,,http://www.amazon.com/dp/0201362988/ref=wl_it_dp_o_pC_nS_ttl?_encoding=UTF8&colid=2JA44E9EM291T&coliid=IXHJLSX7LII8Y
The Elements of Style,William Strunk,,3,,http://www.amazon.com/dp/020530902X/ref=wl_it_dp_o_pd_nS_ttl?_encoding=UTF8&colid=2JA44E9EM291T&coliid=I1P0GRGSTOM271
Visual Explanations,Edward Tufte,design,3,,http://www.amazon.com/dp/0961392126/ref=wl_it_dp_o_pC_nS_ttl?_encoding=UTF8&colid=2JA44E9EM291T&coliid=I1FHLRVJ9T8D1V
The Self-Build Book,Jon Broome,,3,,http://www.amazon.com/dp/1870098552/ref=wl_it_dp_o_pC_nS_ttl?_encoding=UTF8&colid=2JA44E9EM291T&coliid=I3AJLOCV0WBH6G
The Green Self-Build Book,Jon Broome,,3,,http://www.amazon.com/dp/1903998735/ref=wl_it_dp_o_pC_S_ttl?_encoding=UTF8&colid=2JA44E9EM291T&coliid=I1LJ6LH6UJCCGS
Patterns of the Earth,Bernhard Edmaier,,3,,http://www.amazon.com/dp/0714846791/ref=wl_it_dp_o_pC_S_ttl?_encoding=UTF8&colid=2JA44E9EM291T&coliid=I3AFMTLPI0HU6O
Earthsong,Bernhard Edmaier,,3,,http://www.amazon.com/dp/B0096CQ4W6/ref=wl_it_dp_o_pC_nS_ttl?_encoding=UTF8&colid=2JA44E9EM291T&coliid=I2DMLPFQ7OQETU
The Nature of Order,Christopher Alexander,design,4,,http://www.amazon.com/Nature-Order-Phenomenon-Environmental-Structure/dp/0972652914/ref=sr_1_1?s=books&ie=UTF8&qid=1437948890&sr=1-1&keywords=the+nature+of+order+by+christopher+alexander
Seeing Is Forgetting the Name of the Thing One Sees,Lawrence Weschler,design,5,,http://www.amazon.com/dp/0520256093/ref=wl_it_dp_o_pC_nS_ttl?_encoding=UTF8&colid=RRGQ6P3CAW8K&coliid=I1QI8BKY3IXCXN
In Praise of Shadows,Junichiro Tanizaki,design,4,,http://www.amazon.com/dp/0918172020/ref=wl_it_dp_o_pd_nS_ttl?_encoding=UTF8&colid=RRGQ6P3CAW8K&coliid=I1TVJH9NQX3V50
Impro: Improvisation and the Theatre,Keith Johnstone,design,4,,http://www.amazon.com/dp/0878301178/ref=wl_it_dp_o_pd_nS_ttl?_encoding=UTF8&colid=RRGQ6P3CAW8K&coliid=I38JZI0S0YCEIX
Pale Fire,Vladimir Nabokov,fiction,3,,http://www.amazon.com/dp/0679723420/ref=wl_it_dp_o_pC_nS_ttl?_encoding=UTF8&colid=RRGQ6P3CAW8K&coliid=IOPC6177W0MMU
How Buildings Learn,Stewart Brand,design,4,,http://www.amazon.com/dp/0140139966/ref=wl_it_dp_o_pC_nS_ttl?_encoding=UTF8&colid=RRGQ6P3CAW8K&coliid=I3MHCZS19NEXOC
The Hero with a Thousand Faces,Joseph Campbell,,4,,http://www.amazon.com/dp/1577315936/ref=wl_it_dp_o_pd_nS_ttl?_encoding=UTF8&colid=RRGQ6P3CAW8K&coliid=I3B9K5O78ASDBF
Bourbon Street,Richard Campanella,history,3,,http://www.amazon.com/dp/0807155055/ref=wl_it_dp_o_pd_nS_ttl?_encoding=UTF8&colid=RRGQ6P3CAW8K&coliid=I2I1SP4J673QO9
The Elements of Programming Style,Brian Kernighan,programming,3,,http://www.amazon.com/dp/0807155055/ref=wl_it_dp_o_pd_nS_ttl?_encoding=UTF8&colid=RRGQ6P3CAW8K&coliid=I2I1SP4J673QO9
More Programming Pearls: Confessions of a Coder,Jon Bentley,programming,3,,http://www.amazon.com/dp/0201118890/ref=wl_it_dp_o_pd_nS_ttl?_encoding=UTF8&colid=RRGQ6P3CAW8K&coliid=I2Y97452HP1GI6
Days and Nights of Love and War,Eduardo Galeano,fiction,3,,http://www.amazon.com/dp/1583670238/ref=wl_it_dp_o_pC_S_ttl?_encoding=UTF8&colid=RRGQ6P3CAW8K&coliid=I27RTIKIYFJDWF
I Am a Strange Loop,Douglas Hogstadter,,4,,http://www.amazon.com/dp/0465030793/ref=wl_it_dp_o_pC_nS_ttl?_encoding=UTF8&colid=RRGQ6P3CAW8K&coliid=I2FEVEVVCNSYRQ